condsig_var	gene_name	UKB_TWAS_trait
1:8503379_C_A	RERE	lymphocyte_count
1:39451488_A_G	AKIRIN1	lymphocyte_count
1:111332345_G_A	CD53	lymphocyte_count
1:160791892_T_C	LY9	lymphocyte_count
1:150673684_T_C	CTSK	lymphocyte_count
1:39451488_A_G	NDUFS5	lymphocyte_count
3:136561899_C_G	NCK1	lymphocyte_count
5:43511141_G_A	NNT	lymphocyte_count
5:134722833_C_A	H2AFY	lymphocyte_count
6:130349119_C_T	L3MBTL3	lymphocyte_count
7:40060707_T_C	CDK13	lymphocyte_count
7:6524843_C_G	KDELR2	lymphocyte_count
7:77234903_AT_A	PTPN12	lymphocyte_count
7:138741586_C_T	ZC3HAV1	lymphocyte_count
8:79657263_T_C	PKIA	lymphocyte_count
8:79657263_T_C	FAM164A	lymphocyte_count
10:82280137_T_G	TSPAN14	lymphocyte_count
12:56435929_C_G	RPS26	lymphocyte_count
15:91021412_T_A	CRTC3	lymphocyte_count
15:40930449_GGGGGGA_G	C15orf57	lymphocyte_count
15:81599443_A_G	IL16	lymphocyte_count
17:38006767_GCATATTATA_G	GSDMB	lymphocyte_count
22:41752747_G_A	TEF	lymphocyte_count
1:150673684_T_C	ARNT	lymphocyte_count
1:28211650_T_C	RPA2	lymphocyte_count
1:28211650_T_C	C1orf38	lymphocyte_count
2:161330940_T_C	RBMS1	lymphocyte_count
2:231526526_G_C	CAB39	lymphocyte_count
3:182752565_C_CT	MCCC1	lymphocyte_count
4:113073699_G_A	C4orf32	lymphocyte_count
5:16634559_G_A	FAM134B	lymphocyte_count
7:70144848_T_C	AUTS2	lymphocyte_count
7:3157702_A_G	CARD11	lymphocyte_count
7:37382465_T_G	ELMO1	lymphocyte_count
8:59464613_CAA_C	NSMAF	lymphocyte_count
10:70982136_T_TCA	HKDC1	lymphocyte_count
12:10585253_C_T	KLRC1	lymphocyte_count
15:58770523_C_T	ADAM10	lymphocyte_count
15:48558642_C_CT	DUT	lymphocyte_count
15:58770523_C_T	LIPC	lymphocyte_count
16:70239241_G_GC	PDPR	lymphocyte_count
16:24046655_G_T	PRKCB	lymphocyte_count
16:4148240_T_G	ADCY9	lymphocyte_count
16:30482803_T_C	ITGAL	lymphocyte_count
21:47956816_CA_C	PRMT2	lymphocyte_count
21:47956816_CA_C	DIP2A	lymphocyte_count
22:28925542_T_A	XBP1	lymphocyte_count
1:160791411_C_T	LY9	lymphocyte_percentage
1:67365034_C_T	MIER1	lymphocyte_percentage
1:150714360_AG_A	CTSK	lymphocyte_percentage
2:120496519_A_G	PTPN4	lymphocyte_percentage
2:231526526_G_C	CAB39	lymphocyte_percentage
4:113111172_A_C	C4orf32	lymphocyte_percentage
5:110566360_C_T	CAMK4	lymphocyte_percentage
5:96345069_T_TC	ERAP2	lymphocyte_percentage
5:179054922_C_CA	HNRNPH1	lymphocyte_percentage
5:96345069_T_TC	LNPEP	lymphocyte_percentage
6:109726262_G_GA	MICAL1	lymphocyte_percentage
7:6502367_T_C	KDELR2	lymphocyte_percentage
8:79657263_T_C	FAM164A	lymphocyte_percentage
9:82324152_T_C	TLE4	lymphocyte_percentage
10:121049819_G_A	GRK5	lymphocyte_percentage
11:122509237_A_G	UBASH3B	lymphocyte_percentage
11:61618169_A_G	FADS1	lymphocyte_percentage
12:69732105_T_C	LYZ	lymphocyte_percentage
12:120109284_AGGCACCTCTTCACAGGAC_A	PRKAB1	lymphocyte_percentage
12:69732105_T_C	YEATS4	lymphocyte_percentage
12:123861452_G_A	CDK2AP1	lymphocyte_percentage
18:67533332_T_C	CD226	lymphocyte_percentage
19:19756073_AGCC_A	ATP13A1	lymphocyte_percentage
20:34350306_T_C	CPNE1	lymphocyte_percentage
20:62351539_A_T	LIME1	lymphocyte_percentage
22:41759125_C_CCT	TEF	lymphocyte_percentage
1:236702882_G_A	LGALS8	platelet_distribution_width
2:242645466_G_A	ING5	platelet_distribution_width
2:62730048_T_A	EHBP1	platelet_distribution_width
2:241510903_G_A	RNPEPL1	platelet_distribution_width
3:183740350_G_A	ABCC5	platelet_distribution_width
3:39076188_C_T	WDR48	platelet_distribution_width
4:6891435_G_A	TBC1D14	platelet_distribution_width
5:157298830_G_T	CLINT1	platelet_distribution_width
7:116515781_A_T	CAPZA2	platelet_distribution_width
8:145002283_A_G	OPLAH	platelet_distribution_width
9:99192919_A_C	HABP4	platelet_distribution_width
9:100686129_A_G	HEMGN	platelet_distribution_width
9:128097076_T_TA	GAPVD1	platelet_distribution_width
10:23173320_C_T	PIP4K2A	platelet_distribution_width
10:14603429_T_G	FAM107B	platelet_distribution_width
10:16857133_C_G	RSU1	platelet_distribution_width
10:121010256_A_G	GRK5	platelet_distribution_width
11:175339_C_A	LOC653486,SCGB1C1	platelet_distribution_width
11:2985541_A_G	NAP1L4	platelet_distribution_width
11:126285301_G_A	ST3GAL4	platelet_distribution_width
12:49662391_C_T	TUBA1C	platelet_distribution_width
12:32842598_AGAATT_A	DNM1L	platelet_distribution_width
13:33152482_T_C	N4BP2L2	platelet_distribution_width
13:27202579_G_C	WASF3	platelet_distribution_width
14:92241352_A_C	TC2N	platelet_distribution_width
14:65174586_T_C	PLEKHG3	platelet_distribution_width
15:63341996_T_C	TPM1	platelet_distribution_width
16:5023061_T_G	SEC14L5	platelet_distribution_width
18:67526809_G_GA	DOK6	platelet_distribution_width
18:9618005_A_G	PPP4R1	platelet_distribution_width
18:67526809_G_GA	CD226	platelet_distribution_width
19:2007315_C_A	BTBD2	platelet_distribution_width
2:85543222_C_T	TGOLN2	lymphocyte_percentage
2:220050707_G_A	CNPPD1	lymphocyte_percentage
5:176742506_T_C	PRELID1	lymphocyte_percentage
5:134722833_C_A	H2AFY	lymphocyte_percentage
8:79657263_T_C	PKIA	lymphocyte_percentage
13:114835802_T_C	RASA3	lymphocyte_percentage
15:91021412_T_A	CRTC3	lymphocyte_percentage
17:16169009_G_A	CENPV	lymphocyte_percentage
17:42327493_G_T	SLC25A39	lymphocyte_percentage
19:18557035_A_AGCAGGCCACTAG	SSBP4	lymphocyte_percentage
19:18557035_A_AGCAGGCCACTAG	ELL	lymphocyte_percentage
19:49114479_T_G	SPHK2	lymphocyte_percentage
1:150714360_AG_A	ARNT	lymphocyte_percentage
1:185391167_G_A	IVNS1ABP	lymphocyte_percentage
2:161280888_G_A	RBMS1	lymphocyte_percentage
5:10736580_G_A	DAP	lymphocyte_percentage
7:3157702_A_G	CARD11	lymphocyte_percentage
16:4161793_T_C	ADCY9	lymphocyte_percentage
16:30482494_T_C	ITGAL	lymphocyte_percentage
1:25600747_C_A	RHD	platelet_count
1:236702923_G_GCT	LGALS8	platelet_count
1:25600747_C_A	TMEM50A	platelet_count
1:88102437_G_A	LMO4	platelet_count
1:8917398_T_TTA	ENO1	platelet_count
1:10271688_C_G	KIF1B	platelet_count
1:25600747_C_A	RHCE	platelet_count
2:225816642_A_T	DOCK10	platelet_count
2:241510903_G_A	RNPEPL1	platelet_count
3:56849749_T_C	ARHGEF3	platelet_count
3:178725446_T_C	ZMAT3	platelet_count
4:6891455_T_G	TBC1D14	platelet_count
5:141514735_G_GGG	NDFIP1	platelet_count
5:77779738_A_G	LHFPL2	platelet_count
7:116515781_A_T	CAPZA2	platelet_count
7:128597587_T_G	IRF5	platelet_count
8:144996029_A_G	OPLAH	platelet_count
9:99192919_A_C	HABP4	platelet_count
9:130284652_C_G	SLC2A8	platelet_count
9:100715389_G_A	HEMGN	platelet_count
10:14603429_T_G	FAM107B	platelet_count
10:16864327_T_G	RSU1	platelet_count
10:121010256_A_G	GRK5	platelet_count
11:196944_C_T	LOC653486,SCGB1C1	platelet_count
11:94834871_C_T	ENDOD1	platelet_count
12:8152164_C_T	FOXJ2	platelet_count
12:123698603_A_T	CDK2AP1	platelet_count
12:49652731_G_A	TUBA1C	platelet_count
12:32870009_A_G	DNM1L	platelet_count
13:33152482_T_C	N4BP2L2	platelet_count
14:102982486_T_TC	ANKRD9	platelet_count
14:65799876_G_A	FUT8	platelet_count
15:63341996_T_C	TPM1	platelet_count
18:9617719_TA_T	PPP4R1	platelet_count
19:2003785_A_G	BTBD2	platelet_count
21:40741846_A_C	HMGN1	platelet_count
1:153353031_T_G	S100A12	neutrophil_percentage
1:108743059_G_C	SLC25A24	neutrophil_percentage
2:160462749_T_G	BAZ2B	neutrophil_percentage
4:729324_ACT_A	MYL5	neutrophil_percentage
4:6919674_C_T	TBC1D14	neutrophil_percentage
4:36312542_G_A	ARAP2	neutrophil_percentage
6:144385777_C_T	PLAGL1	neutrophil_percentage
7:6502367_T_C	KDELR2	neutrophil_percentage
7:28277107_C_G	JAZF1	neutrophil_percentage
7:28724374_G_T	CREB5	neutrophil_percentage
9:137848925_GTGTGTCTGTGTGCATT_G	FCN1	neutrophil_percentage
9:139272502_T_C	SEC16A	neutrophil_percentage
10:28781367_G_A	WAC	neutrophil_percentage
11:122514281_C_A	UBASH3B	neutrophil_percentage
12:69732105_T_C	LYZ	neutrophil_percentage
12:8208926_G_A	FOXJ2	neutrophil_percentage
12:8208926_G_A	C3AR1	neutrophil_percentage
12:8208926_G_A	NECAP1	neutrophil_percentage
13:42842698_A_G	AKAP11	neutrophil_percentage
15:101748227_C_T	CHSY1	neutrophil_percentage
17:66449844_T_G	WIPI1	neutrophil_percentage
19:12994316_GATTTCGAAACCAGCCTGGCCAGC_G	DNASE2	neutrophil_percentage
22:18133500_A_C	BID	neutrophil_percentage
1:25600747_C_A	RHD	plateletcrit
1:236702923_G_GCT	LGALS8	plateletcrit
1:25600747_C_A	TMEM50A	plateletcrit
1:88102437_G_A	LMO4	plateletcrit
1:8917398_T_TTA	ENO1	plateletcrit
1:25600747_C_A	RHCE	plateletcrit
2:191248847_C_T	MFSD6	plateletcrit
2:241510903_G_A	RNPEPL1	plateletcrit
3:136217124_C_T	PCCB	plateletcrit
3:56849749_T_C	ARHGEF3	plateletcrit
3:178718995_A_C	ZMAT3	plateletcrit
5:141514735_G_GGG	NDFIP1	plateletcrit
5:77785740_C_A	LHFPL2	plateletcrit
5:122159047_AT_A	SNX24	plateletcrit
7:116515781_A_T	CAPZA2	plateletcrit
8:144996029_A_G	OPLAH	plateletcrit
9:99192919_A_C	HABP4	plateletcrit
9:130284652_C_G	SLC2A8	plateletcrit
9:100715389_G_A	HEMGN	plateletcrit
10:16872797_A_G	RSU1	plateletcrit
10:30026890_C_CT	SVIL	plateletcrit
11:200343_T_C	LOC653486,SCGB1C1	plateletcrit
12:117481260_A_ATTTGT	TESC	plateletcrit
14:65797784_A_G	FUT8	plateletcrit
16:68655234_C_CAAACA	ZFP90	plateletcrit
17:7757725_T_TA	LSMD1	plateletcrit
18:67527701_T_C	DOK6	plateletcrit
18:67527701_T_C	CD226	plateletcrit
18:43562201_G_C	PSTPIP2	plateletcrit
19:1033559_G_A	CNN2	plateletcrit
1:153363105_T_C	S100A12	monocyte_count
1:244487940_A_G	ADSS	monocyte_count
1:150595537_G_T	MCL1	monocyte_count
1:26648551_G_C	SH3BGRL3	monocyte_count
1:169666987_G_A	SELL	monocyte_count
1:169577333_A_G	SELL	monocyte_count
1:37917469_G_C	ZC3H12A	monocyte_count
1:60140247_G_A	FGGY	monocyte_count
2:219124921_T_A	AAMP	monocyte_count
2:219124921_T_A	PNKD	monocyte_count
2:102120576_CAA_C	MAP4K4	monocyte_count
2:219124921_T_A	GPBAR1	monocyte_count
2:182324186_CTT_C	ITGA4	monocyte_count
2:97043280_G_GT	TMEM127	monocyte_count
2:225750861_C_T	DOCK10	monocyte_count
3:128381270_G_A	RPN1	monocyte_count
3:128349376_T_G	RPN1	monocyte_count
3:188135783_T_A	BCL6	monocyte_count
3:172276979_T_C	TNFSF10	monocyte_count
4:103401723_A_G	NFKB1	monocyte_count
5:131705458_C_G	SLC22A4	monocyte_count
5:140030741_G_A	TMCO6	monocyte_count
5:140030741_G_A	CD14	monocyte_count
5:131705458_C_G	SLC22A5	monocyte_count
5:133871101_C_A	PHF15	monocyte_count
6:12044976_A_G	HIVEP1	monocyte_count
6:122799541_G_A	HSF2	monocyte_count
6:144385777_C_T	PLAGL1	monocyte_count
6:144371265_G_A	PLAGL1	monocyte_count
7:17145526_G_A	AHR	monocyte_count
7:99939050_C_T	TSC22D4	monocyte_count
7:97898810_C_CT	BRI3	monocyte_count
7:137879428_A_G	TRIM24	monocyte_count
7:2757867_A_C	GNA12	monocyte_count
7:143081942_G_C	ZYX	monocyte_count
7:99939050_C_T	PILRB	monocyte_count
8:61392724_A_G	RAB2A	monocyte_count
8:21763393_A_G	DOK2	monocyte_count
8:27226790_A_C	PTK2B	monocyte_count
8:82058535_C_CA	PAG1	monocyte_count
9:91472127_G_A	S1PR3	monocyte_count
9:130763466_G_GT	ST6GALNAC4	monocyte_count
9:113912553_A_G	LPAR1	monocyte_count
9:113912560_T_G	LPAR1	monocyte_count
9:113815164_G_A	LPAR1	monocyte_count
9:114039155_C_G	LPAR1	monocyte_count
9:113835295_T_C	LPAR1	monocyte_count
9:35037426_GA_G	VCP	monocyte_count
9:93567732_G_A	SYK	monocyte_count
9:130763466_G_GT	ST6GALNAC6	monocyte_count
10:64566258_C_T	ADO	monocyte_count
10:82271341_G_A	TSPAN14	monocyte_count
10:60006605_C_A	CISD1	monocyte_count
10:5901367_C_T	ANKRD16	monocyte_count
10:99125722_A_G	FRAT2	monocyte_count
11:2319355_C_T	CD81	monocyte_count
11:60158649_G_A	MS4A7	monocyte_count
11:63948699_TAATAATTATTA_T	NUDT22	monocyte_count
11:307036_T_C	IFITM2	monocyte_count
12:120109284_AGGCACCTCTTCACAGGAC_A	PRKAB1	monocyte_count
12:54685880_C_T	NFE2	monocyte_count
12:108720446_T_C	CMKLR1	monocyte_count
12:57146069_T_G	PRIM1	monocyte_count
13:72513420_A_G	DACH1	monocyte_count
13:41002641_T_C	FOXO1	monocyte_count
13:40974023_G_A	FOXO1	monocyte_count
14:103846716_G_A	MARK3	monocyte_count
14:23589349_A_G	CEBPE	monocyte_count
15:99090692_C_A	IGF1R	monocyte_count
15:64628454_ATC_A	CSNK1G1	monocyte_count
16:74601486_G_A	GLG1	monocyte_count
17:68141181_T_A	KCNJ2	monocyte_count
17:40274873_A_C	DHX58	monocyte_count
18:3448979_T_C	TGIF1	monocyte_count
19:47634313_T_G	SAE1	monocyte_count
19:36752841_A_T	ZFP82	monocyte_count
19:44282529_C_A	KCNN4	monocyte_count
19:18398628_G_C	KIAA1683	monocyte_count
19:2101454_A_ACCACACACGC	AP3D1	monocyte_count
20:42838712_C_G	C20orf111	monocyte_count
20:42839620_A_G	C20orf111	monocyte_count
22:32324692_G_A	YWHAH	monocyte_count
22:21246810_GA_G	PI4KA	monocyte_count
22:43559451_G_A	TSPO	monocyte_count
22:21246810_GA_G	SNAP29	monocyte_count
2:120680218_T_C	PTPN4	lymphocyte_count
5:110566360_C_T	CAMK4	lymphocyte_count
6:109725154_G_A	MICAL1	lymphocyte_count
7:5561880_C_CA	ACTB	lymphocyte_count
7:150209636_G_T	GIMAP6	lymphocyte_count
7:28172014_C_T	JAZF1	lymphocyte_count
9:82187095_G_A	TLE4	lymphocyte_count
10:121026712_A_G	GRK5	lymphocyte_count
11:70141690_T_C	PPFIA1	lymphocyte_count
11:122514281_C_A	UBASH3B	lymphocyte_count
1:10271688_C_G	KIF1B	mean_platelet_volume
1:25893927_AT_A	LDLRAP1	mean_platelet_volume
1:184942671_G_A	FAM129A	mean_platelet_volume
2:224880498_T_C	SERPINE2	mean_platelet_volume
2:241510903_G_A	RNPEPL1	mean_platelet_volume
3:56849749_T_C	ARHGEF3	mean_platelet_volume
3:178751193_G_A	ZMAT3	mean_platelet_volume
3:183746044_A_G	ABCC5	mean_platelet_volume
4:6891435_G_A	TBC1D14	mean_platelet_volume
4:76456990_C_CT	RCHY1	mean_platelet_volume
5:135483943_G_GT	SMAD5	mean_platelet_volume
5:122201033_TTA_T	SNX24	mean_platelet_volume
7:116524512_G_C	CAPZA2	mean_platelet_volume
8:144992862_A_G	OPLAH	mean_platelet_volume
9:99192919_A_C	HABP4	mean_platelet_volume
9:4659943_T_C	AK3	mean_platelet_volume
10:121010256_A_G	GRK5	mean_platelet_volume
10:3137445_G_A	PFKP	mean_platelet_volume
10:3105257_CCACT_C	PFKP	mean_platelet_volume
11:196944_C_T	LOC653486,SCGB1C1	mean_platelet_volume
11:122520558_A_G	UBASH3B	mean_platelet_volume
11:94833022_C_G	ENDOD1	mean_platelet_volume
11:126285301_G_A	ST3GAL4	mean_platelet_volume
12:8152164_C_T	FOXJ2	mean_platelet_volume
12:117478767_TTCC_T	TESC	mean_platelet_volume
12:49652731_G_A	TUBA1C	mean_platelet_volume
12:32849806_AC_A	DNM1L	mean_platelet_volume
12:21682239_C_T	C12orf39	mean_platelet_volume
13:33152721_C_T	N4BP2L2	mean_platelet_volume
14:92241352_A_C	TC2N	mean_platelet_volume
15:63341996_T_C	TPM1	mean_platelet_volume
16:5024041_G_A	SEC14L5	mean_platelet_volume
17:7394341_T_C	ZBTB4	mean_platelet_volume
18:67536496_C_T	DOK6	mean_platelet_volume
18:9617719_TA_T	PPP4R1	mean_platelet_volume
18:67536496_C_T	CD226	mean_platelet_volume
18:67601636_G_C	CD226	mean_platelet_volume
19:14492219_C_A	CD97	mean_platelet_volume
20:43514337_G_T	YWHAB	mean_platelet_volume
21:40741846_A_C	HMGN1	mean_platelet_volume
1:153339782_A_G	S100A12	monocyte_percentage
1:212422567_C_A	PPP2R5A	monocyte_percentage
1:150595537_G_T	MCL1	monocyte_percentage
1:26647949_G_C	SH3BGRL3	monocyte_percentage
1:224616444_C_CA	CNIH4	monocyte_percentage
1:10393920_G_A	KIF1B	monocyte_percentage
1:108743059_G_C	SLC25A24	monocyte_percentage
1:60140247_G_A	FGGY	monocyte_percentage
2:160495225_G_GA	BAZ2B	monocyte_percentage
2:102120856_G_A	MAP4K4	monocyte_percentage
2:127867601_C_T	BIN1	monocyte_percentage
2:182324186_CTT_C	ITGA4	monocyte_percentage
2:225750861_C_T	DOCK10	monocyte_percentage
2:42328575_A_G	EML4	monocyte_percentage
2:203491226_A_T	FAM117B	monocyte_percentage
3:28286261_C_T	CMC1	monocyte_percentage
3:188135783_T_A	BCL6	monocyte_percentage
4:84151427_T_C	PLAC8	monocyte_percentage
5:133869270_A_G	PHF15	monocyte_percentage
6:109661541_G_C	CD164	monocyte_percentage
6:144385777_C_T	PLAGL1	monocyte_percentage
6:144375816_A_AG	PLAGL1	monocyte_percentage
6:109661541_G_C	SMPD2	monocyte_percentage
7:28724374_G_T	CREB5	monocyte_percentage
7:26155399_G_A	CBX3	monocyte_percentage
7:26155399_G_A	NFE2L3	monocyte_percentage
7:17145526_G_A	AHR	monocyte_percentage
7:73012785_A_G	BCL7B	monocyte_percentage
7:137881690_T_C	TRIM24	monocyte_percentage
7:143081942_G_C	ZYX	monocyte_percentage
8:21762915_A_C	DOK2	monocyte_percentage
8:82041464_A_C	PAG1	monocyte_percentage
9:126985763_A_G	NEK6	monocyte_percentage
9:113912553_A_G	LPAR1	monocyte_percentage
9:113915529_T_C	LPAR1	monocyte_percentage
9:113953994_G_A	LPAR1	monocyte_percentage
9:113834438_A_C	LPAR1	monocyte_percentage
9:137855206_C_G	OLFM1	monocyte_percentage
10:99159670_G_A	FRAT2	monocyte_percentage
10:26723514_G_A	APBB1IP	monocyte_percentage
10:99159670_G_A	FRAT1	monocyte_percentage
10:99159670_G_A	RRP12	monocyte_percentage
11:47254036_T_TA	MADD	monocyte_percentage
11:2326714_A_G	CD81	monocyte_percentage
11:60157166_C_T	MS4A7	monocyte_percentage
11:47254036_T_TA	ACP2	monocyte_percentage
12:8210637_A_G	FOXJ2	monocyte_percentage
12:54685880_C_T	NFE2	monocyte_percentage
12:8210637_A_G	C3AR1	monocyte_percentage
12:108720446_T_C	CMKLR1	monocyte_percentage
12:8210637_A_G	NECAP1	monocyte_percentage
13:72513420_A_G	DACH1	monocyte_percentage
13:41002641_T_C	FOXO1	monocyte_percentage
13:40974023_G_A	FOXO1	monocyte_percentage
14:103847287_T_A	MARK3	monocyte_percentage
14:23589349_A_G	CEBPE	monocyte_percentage
15:99090692_C_A	IGF1R	monocyte_percentage
15:64542965_G_GA	CSNK1G1	monocyte_percentage
15:101716797_G_A	CHSY1	monocyte_percentage
15:42651900_G_C	CAPN3	monocyte_percentage
15:75139426_A_G	MPI	monocyte_percentage
16:74601486_G_A	GLG1	monocyte_percentage
16:1358035_A_G	UBE2I	monocyte_percentage
16:4062436_G_T	ADCY9	monocyte_percentage
16:11697890_G_C	LITAF	monocyte_percentage
17:7742601_G_A	TMEM88	monocyte_percentage
17:7742601_G_A	LSMD1	monocyte_percentage
17:72763798_C_T	SLC9A3R1	monocyte_percentage
17:16171687_CTT_C	NCOR1	monocyte_percentage
17:7742601_G_A	KDM6B	monocyte_percentage
18:3448979_T_C	TGIF1	monocyte_percentage
19:44283843_G_C	KCNN4	monocyte_percentage
19:18398628_G_C	KIAA1683	monocyte_percentage
20:42838550_A_G	C20orf111	monocyte_percentage
20:42839620_A_G	C20orf111	monocyte_percentage
22:32326021_C_T	YWHAH	monocyte_percentage
22:43549646_C_T	TSPO	monocyte_percentage
1:161620265_G_T	FCGR2B	neutrophil_count
1:43761505_AACACACACACAC_A	MED8	neutrophil_count
1:108742123_C_G	SLC25A24	neutrophil_count
1:200356262_CT_C	ZNF281	neutrophil_count
2:70407205_C_G	ASPRV1	neutrophil_count
2:54787592_C_G	SPTBN1	neutrophil_count
2:85543222_C_T	RETSAT	neutrophil_count
3:140926791_C_T	ACPL2	neutrophil_count
3:183709094_G_GA	ABCC5	neutrophil_count
4:36312542_G_A	ARAP2	neutrophil_count
5:131797578_T_C	SLC22A4	neutrophil_count
5:96275154_G_A	ERAP2	neutrophil_count
5:149868326_G_A	NDST1	neutrophil_count
6:144441671_C_T	PLAGL1	neutrophil_count
7:6498057_T_C	KDELR2	neutrophil_count
7:28277107_C_G	JAZF1	neutrophil_count
7:28724374_G_T	CREB5	neutrophil_count
9:2622278_G_A	VLDLR	neutrophil_count
9:137855206_C_G	FCN1	neutrophil_count
9:86582925_T_TAATA	RMI1	neutrophil_count
9:79322674_A_G	PRUNE2	neutrophil_count
10:28781367_G_A	WAC	neutrophil_count
12:69732105_T_C	LYZ	neutrophil_count
12:8210637_A_G	FOXJ2	neutrophil_count
12:10097609_C_T	CLEC12A	neutrophil_count
12:10097609_C_T	CLEC1B	neutrophil_count
12:8210637_A_G	C3AR1	neutrophil_count
12:8210637_A_G	NECAP1	neutrophil_count
13:42842698_A_G	AKAP11	neutrophil_count
14:35596323_C_T	KIAA0391	neutrophil_count
15:101723499_C_T	CHSY1	neutrophil_count
16:57058974_C_T	NLRC5	neutrophil_count
17:19858626_C_T	AKAP10	neutrophil_count
17:7240391_C_T	ACAP1	neutrophil_count
17:5326162_G_A	RABEP1	neutrophil_count
18:43825539_T_TA	C18orf25	neutrophil_count
18:21074922_G_A	C18orf8	neutrophil_count
19:19756073_AGCC_A	ATP13A1	neutrophil_count
19:1036018_G_A	CNN2	neutrophil_count
22:18126020_T_C	BID	neutrophil_count
22:24334948_A_C	GSTT1	neutrophil_count
22:24334948_A_C	DDT	neutrophil_count
22:24334948_A_C	DDTL	neutrophil_count
